{
  "__type__": "cc.SpriteFrame",
  "content": {
    "name": "BoxClose_3",
    "atlas": "",
    "rect": {
      "x": 13,
      "y": 20,
      "width": 65,
      "height": 61
    },
    "offset": {
      "x": -2.5,
      "y": -2.5
    },
    "originalSize": {
      "width": 96,
      "height": 96
    },
    "rotated": false,
    "capInsets": [
      0,
      0,
      0,
      0
    ],
    "vertices": {
      "rawPosition": [
        -32.5,
        -30.5,
        0,
        32.5,
        -30.5,
        0,
        -32.5,
        30.5,
        0,
        32.5,
        30.5,
        0
      ],
      "indexes": [
        0,
        1,
        2,
        2,
        1,
        3
      ],
      "uv": [
        13,
        76,
        78,
        76,
        13,
        15,
        78,
        15
      ],
      "nuv": [
        0.13541666666666666,
        0.15625,
        0.8125,
        0.15625,
        0.13541666666666666,
        0.7916666666666666,
        0.8125,
        0.7916666666666666
      ],
      "minPos": {
        "x": -32.5,
        "y": -30.5,
        "z": 0
      },
      "maxPos": {
        "x": 32.5,
        "y": 30.5,
        "z": 0
      }
    },
    "texture": "44bd2cbf-bb70-4a4e-8b18-df34ffd35633@6c48a",
    "packable": true,
    "pixelsToUnit": 100,
    "pivot": {
      "x": 0.5,
      "y": 0.5
    },
    "meshType": 0
  }
}