{
  "__type__": "cc.SpriteFrame",
  "content": {
    "name": "BoxClose_2",
    "atlas": "",
    "rect": {
      "x": 13,
      "y": 19,
      "width": 65,
      "height": 62
    },
    "offset": {
      "x": -2.5,
      "y": -2
    },
    "originalSize": {
      "width": 96,
      "height": 96
    },
    "rotated": false,
    "capInsets": [
      0,
      0,
      0,
      0
    ],
    "vertices": {
      "rawPosition": [
        -32.5,
        -31,
        0,
        32.5,
        -31,
        0,
        -32.5,
        31,
        0,
        32.5,
        31,
        0
      ],
      "indexes": [
        0,
        1,
        2,
        2,
        1,
        3
      ],
      "uv": [
        13,
        77,
        78,
        77,
        13,
        15,
        78,
        15
      ],
      "nuv": [
        0.13541666666666666,
        0.15625,
        0.8125,
        0.15625,
        0.13541666666666666,
        0.8020833333333334,
        0.8125,
        0.8020833333333334
      ],
      "minPos": {
        "x": -32.5,
        "y": -31,
        "z": 0
      },
      "maxPos": {
        "x": 32.5,
        "y": 31,
        "z": 0
      }
    },
    "texture": "d29cfa10-6f43-4c62-97a0-2d0bdd4b0b4d@6c48a",
    "packable": true,
    "pixelsToUnit": 100,
    "pivot": {
      "x": 0.5,
      "y": 0.5
    },
    "meshType": 0
  }
}