{
  "__type__": "cc.SpriteFrame",
  "content": {
    "name": "BoxOpen_3",
    "atlas": "",
    "rect": {
      "x": 13,
      "y": 12,
      "width": 65,
      "height": 68
    },
    "offset": {
      "x": -2.5,
      "y": 2
    },
    "originalSize": {
      "width": 96,
      "height": 96
    },
    "rotated": false,
    "capInsets": [
      0,
      0,
      0,
      0
    ],
    "vertices": {
      "rawPosition": [
        -32.5,
        -34,
        0,
        32.5,
        -34,
        0,
        -32.5,
        34,
        0,
        32.5,
        34,
        0
      ],
      "indexes": [
        0,
        1,
        2,
        2,
        1,
        3
      ],
      "uv": [
        13,
        84,
        78,
        84,
        13,
        16,
        78,
        16
      ],
      "nuv": [
        0.13541666666666666,
        0.16666666666666666,
        0.8125,
        0.16666666666666666,
        0.13541666666666666,
        0.875,
        0.8125,
        0.875
      ],
      "minPos": {
        "x": -32.5,
        "y": -34,
        "z": 0
      },
      "maxPos": {
        "x": 32.5,
        "y": 34,
        "z": 0
      }
    },
    "texture": "a9188384-ff8d-4a35-8a24-3715ea28d994@6c48a",
    "packable": true,
    "pixelsToUnit": 100,
    "pivot": {
      "x": 0.5,
      "y": 0.5
    },
    "meshType": 0
  }
}