{
  "__type__": "cc.SpriteFrame",
  "content": {
    "name": "BoxClose_1",
    "atlas": "",
    "rect": {
      "x": 16,
      "y": 21,
      "width": 65,
      "height": 59
    },
    "offset": {
      "x": 0.5,
      "y": -2.5
    },
    "originalSize": {
      "width": 96,
      "height": 96
    },
    "rotated": false,
    "capInsets": [
      0,
      0,
      0,
      0
    ],
    "vertices": {
      "rawPosition": [
        -32.5,
        -29.5,
        0,
        32.5,
        -29.5,
        0,
        -32.5,
        29.5,
        0,
        32.5,
        29.5,
        0
      ],
      "indexes": [
        0,
        1,
        2,
        2,
        1,
        3
      ],
      "uv": [
        16,
        75,
        81,
        75,
        16,
        16,
        81,
        16
      ],
      "nuv": [
        0.16666666666666666,
        0.16666666666666666,
        0.84375,
        0.16666666666666666,
        0.16666666666666666,
        0.78125,
        0.84375,
        0.78125
      ],
      "minPos": {
        "x": -32.5,
        "y": -29.5,
        "z": 0
      },
      "maxPos": {
        "x": 32.5,
        "y": 29.5,
        "z": 0
      }
    },
    "texture": "0b2bcf06-2c66-4501-809f-ff89b2a0130b@6c48a",
    "packable": true,
    "pixelsToUnit": 100,
    "pivot": {
      "x": 0.5,
      "y": 0.5
    },
    "meshType": 0
  }
}