{
  "__type__": "cc.SpriteFrame",
  "content": {
    "name": "BoxOpen_1",
    "atlas": "",
    "rect": {
      "x": 16,
      "y": 10,
      "width": 65,
      "height": 71
    },
    "offset": {
      "x": 0.5,
      "y": 2.5
    },
    "originalSize": {
      "width": 96,
      "height": 96
    },
    "rotated": false,
    "capInsets": [
      0,
      0,
      0,
      0
    ],
    "vertices": {
      "rawPosition": [
        -32.5,
        -35.5,
        0,
        32.5,
        -35.5,
        0,
        -32.5,
        35.5,
        0,
        32.5,
        35.5,
        0
      ],
      "indexes": [
        0,
        1,
        2,
        2,
        1,
        3
      ],
      "uv": [
        16,
        86,
        81,
        86,
        16,
        15,
        81,
        15
      ],
      "nuv": [
        0.16666666666666666,
        0.15625,
        0.84375,
        0.15625,
        0.16666666666666666,
        0.8958333333333334,
        0.84375,
        0.8958333333333334
      ],
      "minPos": {
        "x": -32.5,
        "y": -35.5,
        "z": 0
      },
      "maxPos": {
        "x": 32.5,
        "y": 35.5,
        "z": 0
      }
    },
    "texture": "895facd6-32d6-4091-8a06-dbae80ad3b12@6c48a",
    "packable": true,
    "pixelsToUnit": 100,
    "pivot": {
      "x": 0.5,
      "y": 0.5
    },
    "meshType": 0
  }
}